Student_ID,Semester_ID,Age,Gender,Region_Type,Family_Size,Major_Subject,University_Name,Home_City,Parent_Education,Family_Income_Level,Internet_Quality,Study_Space_Quality,Previous_GPA,Number_of_Failed_Courses,Total_Credits_Earned,Weekly_Study_Hours,Attendance_Rate,Library_Visits_Per_Month,Extracurricular_Hours,Sleep_Hours,Social_Media_Usage_Hours,Stress_Level,Motivation_Score,Self_Efficacy_Score,Midterm_Mark,Final_Exam_Score
104242,1,19,Male,Rural,4,Political Science,Helwan University,Zagazig,Postgraduate,Lower-Middle,5.0,2.5,1.47,0,16,20.0,87.0,12,3.1,7.6,2.8,6.8,8.6,3.73,44.7,44.2
199677,5,25,Male,Urban,7,Physics,Fayoum University,Maghagha,Postgraduate,Middle,7.0,7.2,3.29,0,65,15.6,73.3,7,7.6,9.1,1.5,5.0,5.7,3.75,62.5,64.7
140200,6,27,Female,Urban,3,Business Administration,BUE,Qena,Bachelor,Middle,4.4,6.3,2.57,4,78,6.1,84.7,0,1.8,7.1,5.1,6.1,6.2,4.74,48.0,52.9
132815,6,20,Male,Urban,5,Economics,Benha University,Rosetta,Diploma,Middle,7.8,4.9,2.66,5,78,18.2,89.8,10,0.0,5.7,11.3,1.0,8.1,2.55,38.7,50.6
408698,4,27,Female,Urban,4,Chemistry,Cairo University,Ismailia,Primary,Lower-Middle,6.5,7.5,1.75,2,56,27.9,87.2,14,3.5,7.9,1.0,7.0,4.8,2.99,65.3,58.2
163281,3,18,Female,Urban,4,Civil Engineering,Suez Canal University,Idfu,Secondary,Lower-Middle,6.6,9.3,2.89,3,39,22.4,64.0,14,0.2,3.6,1.6,7.7,7.9,4.96,49.3,60.9
215759,6,24,Female,Urban,6,Literature,Sadat Academy,Zagazig,Secondary,Middle,2.0,8.5,3.73,2,102,14.8,79.9,9,0.2,6.7,0.1,8.3,5.3,4.47,51.8,50.5
442317,4,20,Female,Rural,5,Biology,South Valley University,Cairo,Bachelor,High,5.1,5.9,1.42,0,56,22.3,80.4,12,1.1,7.8,3.9,1.4,1.4,1.0,35.4,40.0
6941,7,22,Female,Rural,6,Chemistry,Suez Canal University,Asyut,Diploma,Middle,4.3,9.8,3.26,1,119,17.0,60.9,4,10.2,6.4,0.2,3.2,3.9,4.06,55.5,55.0
382311,4,28,Male,Urban,8,Biology,Port Said University,Asyut,Primary,Low,3.1,4.7,2.31,4,68,21.8,90.4,10,1.0,8.2,3.0,8.2,2.6,3.53,43.3,49.8
472237,8,17,Female,Urban,2,Political Science,Kafrelsheikh University,Idfu,Primary,Middle,8.3,8.3,1.71,2,104,12.7,67.3,7,15.4,7.6,5.1,4.3,6.2,3.97,44.9,41.3
309087,3,27,Female,Urban,7,Political Science,Luxor University,Ismailia,Primary,Upper-Middle,6.7,9.2,3.39,0,39,5.1,99.1,2,4.8,6.7,1.4,4.4,7.7,4.16,43.2,65.8
230673,3,25,Female,Urban,6,Law,MSA University,Damanhur,No Education,Middle,5.6,7.2,3.76,0,54,5.9,78.6,7,1.4,7.6,3.3,3.1,7.9,5.9,47.0,60.6
209237,6,20,Male,Rural,8,Sociology,Alexandria University,Aswan,Secondary,Upper-Middle,8.8,8.0,3.14,0,96,18.6,80.2,7,8.5,6.7,0.5,3.9,5.0,4.93,59.9,65.0
102954,2,21,Male,Rural,2,Sociology,AUC,Dikirnis,No Education,Middle,5.9,7.9,2.88,2,30,15.8,98.8,9,0.6,5.9,3.4,6.6,5.2,4.43,42.3,61.2
419700,1,27,Female,Urban,7,Data Science,Suez Canal University,Cairo,Primary,Lower-Middle,8.6,7.6,4.0,1,15,15.3,85.7,9,2.9,7.0,1.8,1.5,5.3,4.81,64.4,66.9
81781,6,22,Female,Rural,3,Economics,GUC,Abu Kabir,Secondary,High,1.0,5.4,4.0,3,102,27.8,95.9,16,8.3,5.4,0.7,6.7,6.0,5.86,60.9,72.6
274642,4,22,Male,Urban,2,Civil Engineering,Ain Shams University,Kafr el-Sheikh,Bachelor,Middle,9.2,8.1,2.63,4,64,10.4,81.6,5,1.6,8.0,0.1,6.4,6.5,5.56,52.9,53.5
133795,1,25,Male,Urban,3,Chemistry,Kafrelsheikh University,Luxor,Postgraduate,Middle,10.0,7.4,2.85,1,14,29.4,96.9,13,2.2,8.0,6.8,8.3,3.9,3.26,68.0,57.1
230533,3,24,Female,Urban,8,Data Science,Luxor University,Alexandria,Diploma,High,9.5,9.9,3.68,1,36,16.9,95.2,8,3.3,6.6,5.5,2.6,7.7,7.24,74.9,62.5
305857,3,28,Female,Urban,2,Political Science,Damanhour University,Arish,Bachelor,Upper-Middle,7.8,10.0,1.69,1,45,24.8,67.4,12,2.6,7.0,2.9,5.6,8.9,6.36,64.3,64.9
194412,2,29,Male,Rural,4,Psychology,BUE,Sohag,Secondary,Middle,3.8,10.0,3.5,2,36,26.1,92.5,11,4.9,7.1,2.7,5.9,2.9,4.76,64.0,66.9
173648,6,27,Female,Urban,7,Economics,Fayoum University,Desouk,Secondary,Low,9.0,5.5,1.61,3,102,19.4,88.6,8,2.0,5.3,0.1,7.0,10.0,3.71,62.6,56.4
76147,4,26,Male,Rural,5,Electrical Engineering,Menofia University,Qus,Secondary,Middle,8.9,10.0,3.6,0,68,2.0,87.2,3,5.2,7.9,0.7,5.7,5.0,4.9,57.6,62.8
452805,5,19,Male,Urban,6,Medicine,Cairo University,Kafr el-Sheikh,Secondary,Upper-Middle,7.0,9.0,3.11,1,85,21.8,96.3,10,13.5,7.0,2.5,5.5,6.1,5.04,61.4,68.0
119496,4,30,Male,Urban,8,Architecture,Mansoura University,Zagazig,Primary,Low,8.3,1.0,2.19,1,56,24.4,92.2,14,25.0,7.0,0.1,4.3,6.3,2.85,61.1,62.9
3750,8,22,Male,Urban,3,Architecture,Port Said University,Port Said,Bachelor,Upper-Middle,7.8,7.9,3.84,1,120,16.2,89.6,9,8.9,7.9,1.9,4.8,6.8,6.57,59.1,73.5
158068,6,25,Non-binary,Urban,2,Physics,Ain Shams University,Faiyum,Secondary,Low,2.4,6.4,3.35,1,78,24.1,77.7,7,0.8,6.8,0.1,8.1,7.3,5.66,67.5,63.3
423414,1,18,Male,Urban,5,Law,South Valley University,Esna,Secondary,High,7.9,4.6,3.18,1,16,22.4,61.8,12,1.5,5.4,3.4,3.0,5.8,4.51,61.0,63.9
255716,6,19,Male,Urban,2,Law,Fayoum University,Aswan,Secondary,Middle,10.0,7.1,2.09,0,108,2.0,83.6,4,3.0,8.5,9.8,6.4,8.1,3.97,41.6,43.0
81048,5,25,Male,Rural,7,Chemistry,Suez Canal University,Faiyum,Diploma,Lower-Middle,6.0,5.6,2.06,1,60,20.8,68.2,10,1.1,9.9,0.9,1.1,6.0,2.68,50.6,41.9
259442,5,22,Female,Rural,5,Medicine,Cairo University,Shibin El Kom,Bachelor,Upper-Middle,4.4,8.3,2.47,1,75,12.0,96.0,7,1.5,8.4,2.1,6.0,6.1,3.95,42.5,58.2
226643,5,30,Male,Urban,3,Electrical Engineering,Helwan University,Esna,Bachelor,Middle,6.1,7.8,3.03,0,65,14.8,87.3,10,0.8,8.0,6.1,9.5,8.0,6.35,48.5,53.0
80409,1,20,Male,Rural,6,Chemistry,Sadat Academy,Giza,Primary,Low,2.1,8.9,4.0,3,18,11.7,82.8,10,5.4,8.0,2.7,6.6,3.6,3.7,52.8,52.3
179266,5,25,Male,Rural,4,Political Science,Mansoura University,Qena,Diploma,Middle,8.5,3.8,4.0,3,85,13.3,78.1,5,5.9,6.4,0.7,9.9,4.9,5.76,52.7,61.9
429382,4,30,Male,Rural,4,Mechanical Engineering,Assiut University,Tahta,Bachelor,Low,4.6,10.0,3.18,0,48,21.4,84.5,14,9.0,7.6,3.5,6.4,10.0,4.66,58.3,65.7
443376,1,24,Female,Rural,2,Political Science,South Valley University,Mallawi,Bachelor,Low,4.8,9.2,2.05,0,13,8.2,89.2,9,0.8,7.3,4.7,4.4,6.0,2.86,51.4,53.5
136653,6,22,Male,Urban,7,Literature,Beni-Suef University,Faiyum,Bachelor,Lower-Middle,8.2,3.4,1.91,0,102,28.6,74.8,13,1.6,8.0,2.7,6.9,8.8,5.92,59.3,69.0
447626,4,24,Female,Urban,8,Sociology,Mansoura University,Luxor,Secondary,High,4.3,5.9,2.99,1,64,10.5,58.7,7,2.0,4.4,0.3,3.3,2.8,3.34,35.9,51.1
263902,5,23,Male,Rural,3,Electrical Engineering,Sadat Academy,Edfu,Secondary,Middle,4.2,9.8,2.18,0,60,21.9,87.6,9,17.7,6.1,3.0,8.8,6.8,3.34,49.6,53.2
340120,3,25,Female,Rural,5,Sociology,Tanta University,Maghagha,Secondary,Upper-Middle,5.3,6.2,3.26,2,45,29.0,73.7,15,0.5,5.2,0.2,8.5,4.3,2.44,53.1,45.2
43172,3,20,Female,Urban,3,Electrical Engineering,Port Said University,Shubra El-Kheima,Bachelor,Upper-Middle,9.4,6.0,2.12,1,54,8.9,80.2,8,0.0,6.8,1.4,5.7,6.1,5.78,58.6,56.3
246412,7,28,Female,Urban,7,Physics,Arish University,Idfu,Secondary,High,6.3,10.0,2.98,2,98,8.2,77.6,1,0.2,7.5,4.3,6.0,5.8,4.12,60.4,55.8
314882,5,24,Male,Urban,6,Electrical Engineering,Cairo University,Hurghada,Bachelor,High,4.8,3.2,3.74,2,85,30.2,59.1,16,2.7,7.2,0.9,7.4,7.3,6.45,68.4,63.9
302088,7,25,Female,Urban,2,Architecture,Sadat Academy,Luxor,Bachelor,Lower-Middle,8.3,3.8,3.04,0,105,4.1,84.2,8,4.3,8.2,0.8,10.0,6.8,5.34,39.6,41.0
186083,4,26,Male,Urban,4,Computer Science,Zagazig University,Girga,Secondary,Lower-Middle,9.9,6.7,2.83,1,56,13.9,73.0,10,1.8,7.5,3.4,7.5,8.8,5.82,61.6,63.5
148767,5,19,Female,Rural,3,Mechanical Engineering,MSA University,Beni Suef,Secondary,Middle,6.3,3.9,3.26,1,75,9.1,78.8,4,1.0,7.3,0.5,4.8,7.7,6.16,74.1,48.9
319416,8,23,Male,Urban,2,Literature,Beni-Suef University,Dikirnis,Secondary,Lower-Middle,9.5,3.6,1.89,2,112,14.8,95.2,4,5.5,7.9,4.6,6.4,5.8,3.96,47.8,56.7
86173,6,30,Male,Rural,2,Physics,Cairo University,Suez,Secondary,Lower-Middle,5.2,7.8,2.36,0,90,16.2,76.0,7,5.7,6.2,4.0,8.7,4.9,1.14,36.6,39.3
133648,3,29,Male,Rural,4,Psychology,Fayoum University,Hurghada,Secondary,Lower-Middle,3.6,8.9,1.59,1,54,15.7,67.8,8,9.3,6.3,0.4,5.3,1.9,1.0,49.5,43.7
259271,6,17,Female,Urban,8,Data Science,Cairo University,Giza,Bachelor,Middle,8.9,5.1,3.15,2,90,20.1,65.1,7,1.8,6.7,0.1,8.2,4.1,4.22,41.8,44.7
232596,8,27,Female,Urban,2,Law,Menofia University,Mallawi,Bachelor,High,7.9,4.1,2.17,3,96,20.8,34.9,12,4.9,6.1,4.0,6.4,5.8,5.1,46.4,54.7
214740,6,22,Female,Urban,7,Physics,Luxor University,Beni Suef,Bachelor,Lower-Middle,7.0,9.1,3.28,2,90,19.7,88.1,11,11.7,5.4,0.9,5.3,7.2,3.01,63.4,63.9
397925,6,29,Female,Urban,8,Law,BUE,Ismailia,Bachelor,Lower-Middle,10.0,5.6,2.58,0,78,20.2,85.7,11,1.3,6.8,0.9,5.7,1.0,5.29,54.1,63.3
99407,2,22,Female,Urban,3,Computer Science,Luxor University,Maghagha,Secondary,Lower-Middle,1.5,6.5,3.67,0,34,30.0,78.3,10,7.8,7.6,3.6,4.9,6.8,6.88,67.6,76.5
230884,2,27,Male,Urban,3,Civil Engineering,Zagazig University,Matay,Diploma,Middle,9.9,3.2,3.15,0,36,8.7,70.9,3,3.0,6.1,1.2,6.7,6.0,5.82,36.7,56.1
261174,2,17,Female,Urban,4,Law,Helwan University,Girga,Primary,High,5.8,10.0,2.53,0,24,39.5,94.4,17,0.6,7.4,0.3,5.4,5.6,4.22,75.3,78.9
479492,6,24,Male,Rural,7,Psychology,Alexandria University,Luxor,Bachelor,Upper-Middle,3.1,3.0,2.62,3,78,5.5,54.5,5,4.0,6.7,3.6,7.7,4.4,4.66,36.7,39.0
462672,6,20,Male,Urban,3,Medicine,Sadat Academy,Zagazig,No Education,Upper-Middle,8.4,2.1,3.29,5,72,20.4,83.0,13,0.2,4.6,1.1,6.5,2.4,3.69,56.5,60.3
224949,5,19,Female,Urban,8,Mathematics,Assiut University,Luxor,Bachelor,High,7.3,4.2,3.92,1,70,38.2,84.2,14,1.1,7.5,1.7,5.9,5.2,4.36,88.7,86.4
421374,8,22,Female,Urban,4,Literature,Port Said University,Beni Suef,Primary,Low,6.4,6.3,2.71,0,104,33.9,93.4,19,15.4,6.9,1.7,7.4,4.5,6.0,66.1,64.0
378075,8,20,Female,Urban,4,Physics,Sohag University,Tanta,Diploma,Upper-Middle,8.7,8.3,3.72,0,144,8.9,81.8,6,1.2,7.3,2.0,9.4,8.1,7.0,60.6,65.9
284121,1,22,Female,Urban,3,Economics,Kafrelsheikh University,Kom Ombo,Bachelor,Middle,9.4,6.8,2.03,1,14,17.5,80.6,12,10.3,7.1,0.3,4.6,5.4,2.95,54.6,51.0
107866,7,26,Male,Urban,3,Medicine,Arish University,Luxor,Secondary,High,7.6,10.0,4.0,2,91,15.6,86.0,4,2.3,8.3,0.8,4.9,4.4,5.28,55.0,63.6
137413,7,27,Male,Urban,8,Literature,Assiut University,Kafr el-Sheikh,Primary,Upper-Middle,6.8,7.7,2.22,0,98,2.0,68.3,1,1.2,8.6,1.6,9.4,3.3,3.55,21.5,34.3
100204,5,28,Male,Urban,2,Business Administration,Port Said University,Beni Suef,Primary,Lower-Middle,10.0,5.5,4.0,0,85,17.9,91.5,10,1.6,8.5,6.2,5.3,6.9,6.92,62.1,75.4
285815,2,28,Female,Rural,6,Data Science,Sohag University,Banha,Bachelor,Middle,3.7,9.1,3.16,2,26,15.9,61.9,8,0.1,8.0,2.5,1.2,5.6,4.32,42.9,54.7
168012,5,22,Male,Urban,2,Law,Damanhour University,Kom Ombo,Diploma,Middle,8.2,6.4,3.52,1,90,20.2,80.9,7,2.9,5.1,4.2,6.2,1.0,5.93,61.8,61.7
159581,2,21,Male,Urban,3,Architecture,Arish University,Port Said,Diploma,Upper-Middle,9.4,5.6,3.47,1,28,23.4,77.5,10,1.0,6.1,2.3,7.6,6.2,5.51,54.9,67.7
490936,2,27,Male,Urban,6,Physics,Sohag University,Luxor,Primary,Upper-Middle,9.1,4.0,3.07,3,36,8.7,73.1,6,4.5,8.1,1.8,7.3,6.6,5.27,54.2,47.8
59417,1,18,Male,Rural,2,Biology,Arish University,Kafr el-Sheikh,Primary,Middle,5.1,9.5,3.64,0,18,33.0,92.3,15,0.2,7.1,1.9,6.9,4.8,6.97,60.9,68.5
251204,2,27,Female,Rural,5,Law,Beni-Suef University,Qena,Secondary,High,1.8,7.0,3.01,2,32,26.2,83.3,11,3.6,7.2,4.5,5.7,5.1,3.97,54.9,58.4
483961,4,27,Female,Urban,8,Chemistry,Helwan University,Alexandria,Diploma,Upper-Middle,10.0,4.8,1.95,1,56,18.6,96.6,11,10.8,5.3,0.7,5.7,8.3,4.21,49.8,55.3
128701,5,18,Female,Rural,7,Political Science,Cairo University,Beni Suef,Bachelor,Lower-Middle,6.3,5.1,2.61,1,70,10.3,89.6,7,5.2,8.1,0.7,1.7,5.4,5.28,45.7,48.9
425411,8,18,Male,Urban,4,Chemistry,Helwan University,Minya,Secondary,Middle,10.0,4.6,2.72,8,128,20.8,69.1,12,7.7,4.9,3.2,3.2,10.0,6.05,60.6,59.1
292871,5,19,Female,Urban,3,Physics,Assiut University,Zagazig,Bachelor,Middle,5.4,7.1,2.94,4,60,21.1,76.6,8,4.8,5.9,2.3,5.3,8.8,8.67,65.8,67.7
24188,4,28,Female,Urban,8,Physics,Suez Canal University,Minya,Secondary,Middle,10.0,8.5,2.67,2,64,16.1,76.9,6,4.3,5.8,0.3,4.9,7.6,5.01,63.9,67.8
314266,7,20,Female,Urban,3,Psychology,Ain Shams University,Kafr el-Sheikh,Bachelor,Lower-Middle,5.7,6.3,2.83,3,84,29.4,89.1,18,1.9,5.5,2.4,8.3,6.1,4.86,60.9,57.7
232499,7,20,Male,Urban,4,Mechanical Engineering,Kafrelsheikh University,Luxor,Secondary,High,7.1,8.4,3.79,0,105,11.9,99.8,10,2.0,6.4,0.6,6.3,4.1,4.6,57.0,60.7
451683,2,30,Male,Rural,3,Psychology,South Valley University,Esna,Diploma,Middle,4.1,6.8,3.28,4,36,14.9,74.5,5,8.1,8.1,1.5,8.6,5.5,3.97,46.8,52.3
291520,5,24,Female,Rural,5,Chemistry,Ain Shams University,Tahta,Bachelor,Middle,6.3,6.6,2.43,3,60,12.4,87.0,9,1.6,3.1,3.1,8.2,6.7,2.52,47.4,44.4
20766,1,18,Male,Rural,6,Political Science,Sohag University,Abu Kabir,Primary,Middle,3.5,7.6,2.34,4,15,24.0,92.5,12,2.8,6.5,3.4,5.7,5.9,5.5,56.2,65.3
109210,2,21,Male,Rural,5,Chemistry,Luxor University,Port Said,Diploma,Middle,5.2,9.4,3.6,0,30,13.6,56.3,10,7.1,6.8,1.5,3.6,7.6,6.36,63.5,67.4
279506,8,28,Female,Urban,7,Data Science,Arish University,Qena,Diploma,Middle,9.2,6.5,2.51,0,136,11.5,59.1,6,1.1,8.3,0.8,7.2,7.2,4.46,37.7,49.4
417937,1,25,Male,Rural,5,Biology,Tanta University,Shubra El-Kheima,Secondary,Middle,9.8,8.8,2.5,2,17,19.1,68.5,10,3.0,7.4,11.5,9.5,9.3,6.97,48.1,47.2
52934,7,27,Female,Urban,5,Psychology,Ain Shams University,Tahta,Secondary,Middle,7.1,4.2,3.49,4,119,9.8,67.2,5,1.1,8.0,4.3,5.9,4.9,6.55,46.1,54.3
233367,2,17,Female,Urban,2,Physics,Fayoum University,Mansoura,Secondary,Lower-Middle,8.1,7.9,1.68,1,36,2.7,95.9,1,11.4,7.9,1.7,4.3,4.4,2.88,35.5,48.5
5970,1,19,Female,Rural,2,Electrical Engineering,South Valley University,Qena,Primary,Upper-Middle,3.3,8.5,2.96,2,16,20.0,65.5,11,0.7,7.9,4.0,7.9,8.5,4.32,49.5,50.1
206188,2,21,Female,Urban,6,Sociology,Fayoum University,Girga,Bachelor,Low,8.9,3.4,2.7,2,36,12.8,89.9,3,10.9,5.8,4.1,4.2,6.4,5.55,44.8,51.6
172888,2,19,Male,Urban,3,Mechanical Engineering,Zagazig University,Idfu,Bachelor,Low,8.3,5.6,3.75,1,24,23.2,79.6,13,0.8,7.0,0.4,5.6,8.6,4.19,57.0,77.1
393805,8,18,Female,Rural,8,Biology,Benha University,Port Said,Bachelor,Middle,5.5,6.0,3.97,1,112,20.8,83.6,11,6.7,5.6,6.2,3.6,4.5,5.17,61.2,66.6
378514,1,23,Male,Urban,4,Architecture,Port Said University,Esna,Diploma,Upper-Middle,10.0,5.0,2.34,1,17,25.9,78.4,7,7.7,9.6,1.0,2.9,7.7,3.22,64.5,59.7
38385,7,24,Male,Urban,4,Data Science,Sadat Academy,Sohag,Secondary,Middle,6.6,4.0,3.51,0,126,6.9,73.3,2,14.0,7.6,5.9,6.2,1.8,1.0,37.7,47.4
127577,3,23,Non-binary,Urban,4,Architecture,Damanhour University,Banha,Diploma,Lower-Middle,10.0,6.9,3.54,4,51,11.3,65.4,6,4.8,7.5,0.7,6.5,7.0,5.53,58.0,62.1
428203,5,21,Female,Rural,2,Medicine,Menofia University,Beni Suef,Bachelor,High,4.4,6.5,2.35,0,85,26.6,82.0,13,1.8,5.8,0.1,5.1,7.2,4.45,49.9,63.9
18637,8,24,Male,Urban,5,Civil Engineering,BUE,Shibin El Kom,Bachelor,High,8.7,5.1,2.54,1,96,4.9,95.7,1,0.5,5.7,3.2,4.8,3.7,3.83,27.9,41.5
297828,8,18,Female,Urban,5,Psychology,Cairo University,Shibin El Kom,No Education,High,9.3,7.0,2.3,1,120,30.5,87.3,16,2.4,7.0,5.6,5.8,2.8,3.55,52.7,68.5
204337,5,17,Female,Urban,2,Architecture,BUE,Girga,Diploma,Upper-Middle,8.9,5.1,1.8,2,70,16.7,91.4,7,0.2,7.0,1.2,6.3,3.4,2.29,36.2,50.1
334902,8,18,Male,Rural,6,Computer Science,Ain Shams University,Alexandria,Bachelor,Upper-Middle,8.6,10.0,2.79,0,96,14.8,68.2,5,2.1,6.7,12.0,6.6,4.0,4.1,52.8,41.5
196565,5,20,Female,Rural,2,Civil Engineering,Benha University,Dikirnis,Postgraduate,Low,6.2,7.4,3.08,2,65,18.8,82.8,8,4.2,4.7,0.9,1.6,6.6,5.1,48.9,54.9
208706,4,23,Male,Rural,2,Literature,Luxor University,Qena,Diploma,Upper-Middle,4.8,6.7,2.3,1,68,24.1,91.9,14,5.4,7.0,0.6,5.0,6.8,4.05,58.3,62.3
409743,7,20,Female,Urban,7,Law,Assiut University,Hurghada,Postgraduate,Low,7.9,4.1,2.94,0,84,14.2,88.1,7,12.5,4.9,3.7,6.2,8.4,5.25,62.3,66.5
135579,4,20,Male,Urban,3,Literature,Beni-Suef University,Shibin El Kom,Postgraduate,Low,6.6,6.0,2.49,0,72,20.8,88.2,8,9.7,8.0,0.4,8.4,8.5,4.08,59.5,61.8
213421,5,29,Female,Rural,8,Psychology,Mansoura University,Asyut,Bachelor,Middle,2.1,10.0,2.16,1,70,10.8,91.8,4,6.7,7.8,8.5,6.7,7.5,5.41,43.5,59.7
371803,5,30,Female,Urban,6,Business Administration,Zagazig University,Suez,Diploma,Middle,10.0,8.7,2.02,1,80,20.5,67.3,13,0.7,5.8,0.2,6.5,6.8,1.26,35.2,60.2
57332,5,29,Male,Rural,7,Civil Engineering,AUC,Girga,Postgraduate,Low,5.2,6.5,3.26,1,60,27.5,81.1,17,6.5,7.9,1.8,6.3,6.6,5.11,73.1,75.1
453047,5,26,Male,Urban,8,Biology,Damanhour University,Idfu,Secondary,Lower-Middle,6.7,4.8,2.83,0,65,19.8,49.0,11,1.3,7.3,6.2,2.2,3.2,3.13,47.9,36.3
438355,3,23,Male,Urban,3,Psychology,Benha University,Edfu,Bachelor,High,8.9,9.6,4.0,2,51,21.7,88.2,12,1.8,7.1,3.9,4.0,6.1,5.14,69.5,78.6
17720,2,22,Female,Urban,2,Chemistry,Sadat Academy,Port Said,Bachelor,Upper-Middle,8.8,3.0,2.37,0,28,31.1,86.3,16,0.2,6.9,0.3,5.7,5.9,4.64,72.5,73.4
73915,5,29,Female,Urban,5,Psychology,Damanhour University,Banha,Bachelor,Middle,5.6,5.6,2.86,1,70,9.7,73.8,4,10.4,7.3,4.2,9.6,9.7,5.03,45.1,40.5
324344,6,22,Female,Rural,6,Architecture,Ain Shams University,Damanhur,Primary,Middle,2.6,4.7,3.09,0,96,12.8,47.3,8,3.5,7.1,1.7,3.0,10.0,5.99,42.7,50.8
118933,2,26,Male,Rural,3,Electrical Engineering,Menofia University,Edfu,Secondary,Upper-Middle,5.0,3.4,2.35,1,30,20.4,87.0,8,4.6,7.9,0.7,4.2,6.8,6.36,47.4,64.2
433005,4,18,Male,Urban,2,Electrical Engineering,Arish University,Zagazig,Diploma,Middle,3.6,5.0,1.95,2,64,2.1,64.5,4,0.5,6.8,1.9,5.7,3.5,2.61,25.4,37.3
466758,7,29,Male,Urban,4,Psychology,Suez Canal University,Cairo,Secondary,Upper-Middle,8.9,5.1,2.52,2,105,25.0,98.1,14,10.0,4.5,0.5,3.1,5.2,5.5,50.1,67.5
306896,4,19,Female,Rural,7,Medicine,Beni-Suef University,Hurghada,Bachelor,Lower-Middle,7.0,4.0,2.79,2,64,27.2,90.3,11,4.0,7.5,1.0,5.9,7.1,6.33,64.2,74.3
286330,1,30,Male,Urban,3,Literature,Ain Shams University,Aswan,Secondary,Middle,6.6,4.5,2.74,0,18,22.4,77.8,11,9.0,8.1,0.4,6.2,10.0,5.63,61.3,74.2
34473,6,20,Female,Urban,7,Computer Science,BUE,Maghagha,Diploma,Middle,6.1,5.0,3.27,1,102,14.3,54.5,11,2.8,5.9,0.1,7.2,3.9,3.89,42.7,49.6
318162,8,27,Female,Urban,7,Medicine,Ain Shams University,Esna,Primary,Middle,6.5,8.5,2.56,0,128,12.4,84.0,9,7.7,8.4,2.3,3.4,6.8,4.97,50.4,56.8
174547,4,19,Female,Urban,7,Computer Science,Menofia University,Shubra El-Kheima,Primary,Low,10.0,7.6,2.87,7,56,16.8,90.7,9,1.7,6.4,0.3,6.0,7.0,4.99,55.0,59.2
135081,2,22,Male,Rural,5,Sociology,GUC,Edfu,Bachelor,Middle,8.2,5.5,3.19,3,34,9.6,91.6,3,1.0,5.4,0.9,7.0,4.9,7.5,49.7,50.4
433438,3,29,Female,Urban,3,Physics,Sohag University,Tanta,Secondary,Upper-Middle,7.7,7.5,3.92,2,51,22.0,96.4,10,0.8,3.5,0.2,6.3,6.6,5.92,64.1,73.1
82606,7,23,Female,Rural,3,Mechanical Engineering,Ain Shams University,Cairo,Bachelor,Lower-Middle,2.1,6.1,2.96,0,112,13.2,80.1,5,0.0,6.2,0.1,4.2,6.5,4.76,44.3,52.9
389671,7,29,Male,Urban,2,Computer Science,GUC,Qus,Postgraduate,Low,6.6,8.0,2.84,1,112,34.7,81.7,16,0.6,6.9,1.0,3.3,7.1,6.12,69.8,68.8
432423,5,17,Female,Urban,8,Mechanical Engineering,Mansoura University,Shubra El-Kheima,Primary,Low,10.0,8.0,3.05,1,90,2.2,85.3,3,10.4,6.8,1.0,3.4,3.8,4.6,47.9,46.7
194801,2,18,Female,Urban,3,Mathematics,Menofia University,Faiyum,Diploma,Middle,9.1,6.8,2.47,2,24,25.0,70.0,11,0.7,8.0,4.0,6.4,9.2,6.05,47.4,65.6
208453,5,30,Male,Rural,7,Psychology,Damanhour University,Abu Kabir,Bachelor,Middle,7.2,7.9,2.72,2,80,21.5,77.2,10,1.2,6.7,3.3,5.2,5.9,5.4,53.8,57.7
274369,7,23,Male,Urban,3,Data Science,Arish University,Desouk,Diploma,High,6.2,7.9,2.35,4,126,4.6,66.0,2,1.1,6.3,0.4,7.4,7.7,6.52,44.9,44.5
467216,5,28,Female,Urban,7,Medicine,Damanhour University,Shubra El-Kheima,Secondary,Lower-Middle,7.0,2.4,4.0,4,60,28.7,50.5,13,5.7,5.1,2.2,9.1,4.5,3.52,60.0,56.4
113810,1,25,Female,Urban,4,Civil Engineering,Alexandria University,Tahta,Secondary,Lower-Middle,6.6,10.0,2.74,0,17,13.2,47.0,6,3.1,8.8,4.3,5.2,4.6,3.64,43.2,44.8
336381,3,21,Male,Urban,8,Electrical Engineering,AUC,Zagazig,Diploma,Middle,5.0,6.3,3.61,0,39,14.7,71.7,8,11.7,6.2,2.3,4.5,4.4,4.67,47.0,54.5
213765,5,21,Male,Rural,2,Data Science,Sohag University,Banha,Bachelor,High,3.7,2.9,4.0,0,90,11.1,84.7,7,1.0,7.1,0.2,1.5,5.0,4.66,48.4,57.3
16486,8,27,Female,Urban,4,Physics,Alexandria University,Matay,Bachelor,Lower-Middle,7.4,6.4,2.67,5,112,29.2,82.7,14,6.1,7.8,8.3,5.9,5.5,4.77,64.0,64.7
144635,8,18,Male,Urban,5,Literature,Mansoura University,Kafr el-Sheikh,Secondary,Upper-Middle,6.0,4.1,2.68,0,112,7.3,88.3,1,0.2,7.9,2.3,4.2,8.8,4.94,52.3,56.3
165516,4,20,Male,Urban,2,Data Science,Alexandria University,Esna,Bachelor,Lower-Middle,7.8,10.0,2.63,2,68,8.4,91.2,7,1.6,5.8,0.8,6.2,4.2,5.96,46.2,54.5
406003,7,18,Female,Urban,4,Data Science,Zagazig University,Tanta,Bachelor,Middle,9.1,3.3,2.99,2,119,7.2,87.1,4,0.1,5.7,2.3,5.8,3.9,3.63,59.7,46.5
260630,5,19,Male,Rural,2,Literature,Kafrelsheikh University,Aswan,Diploma,High,7.2,6.2,3.27,4,60,5.3,87.5,4,6.0,5.1,0.1,3.3,2.7,3.21,48.8,43.1
240691,7,18,Female,Urban,3,Sociology,BUE,Samalut,Bachelor,Middle,10.0,5.9,2.73,4,84,14.6,74.0,5,9.2,5.8,7.8,8.2,3.9,4.02,52.1,45.2
268176,4,19,Male,Urban,7,Business Administration,Helwan University,Shibin El Kom,Postgraduate,Upper-Middle,10.0,5.9,2.02,4,64,36.2,82.5,8,0.3,7.9,7.7,9.1,2.8,3.48,32.3,1.9
162557,4,18,Female,Rural,7,Law,Sohag University,Maghagha,Diploma,Upper-Middle,3.8,2.1,2.05,1,72,23.9,82.1,13,4.6,7.0,5.3,8.4,6.6,3.57,55.3,53.9
117376,7,29,Female,Urban,2,Physics,Assiut University,Faiyum,Secondary,Middle,7.1,5.5,4.0,1,105,15.8,77.3,4,0.6,7.2,0.4,5.3,5.5,4.72,64.5,67.1
128649,5,24,Female,Rural,2,Mechanical Engineering,Benha University,Kafr el-Sheikh,Postgraduate,Upper-Middle,7.3,4.1,1.83,1,60,16.4,81.2,10,1.5,6.5,8.3,8.1,5.0,1.93,39.8,40.6
496938,3,30,Male,Urban,3,Architecture,Cairo University,Asyut,Bachelor,Middle,6.5,5.5,3.24,1,39,19.5,69.3,10,4.1,8.0,1.0,10.0,3.7,3.38,45.4,42.1
133706,2,26,Male,Urban,8,Mathematics,Beni-Suef University,Mallawi,Postgraduate,Middle,5.1,9.4,3.13,1,30,6.3,57.7,5,1.6,7.1,9.1,5.8,7.5,5.82,52.0,57.8
332366,4,26,Male,Urban,3,Literature,Port Said University,Edfu,Secondary,Middle,8.9,4.5,3.44,1,72,17.6,85.8,7,0.0,5.6,1.0,7.8,4.2,5.37,57.3,63.6
136954,6,23,Male,Rural,3,Political Science,Damanhour University,Asyut,Postgraduate,High,4.3,9.1,2.79,2,78,18.3,98.6,11,12.0,5.7,0.5,8.0,5.5,4.48,44.2,53.4
179040,4,27,Male,Rural,6,Medicine,Zagazig University,Desouk,Bachelor,Upper-Middle,6.0,4.1,3.35,0,60,19.3,64.8,10,0.1,8.6,0.4,5.4,7.7,5.16,61.3,67.4
360606,2,30,Male,Urban,3,Economics,Suez Canal University,Shubra El-Kheima,Primary,Low,4.4,3.3,2.37,0,34,15.3,72.1,9,0.3,7.7,0.1,5.0,7.6,3.68,50.9,59.5
87091,7,21,Male,Urban,6,Literature,Luxor University,Qus,Bachelor,Low,8.4,8.8,2.83,1,105,12.8,85.4,4,1.0,5.2,5.5,2.2,10.0,6.75,57.2,59.6
334754,8,21,Male,Rural,4,Political Science,Tanta University,Desouk,Secondary,Middle,4.4,9.9,3.12,0,104,20.6,92.5,12,4.2,5.9,5.0,3.4,1.7,3.38,55.6,56.8
419797,6,24,Male,Urban,3,Civil Engineering,Port Said University,Samalut,Bachelor,Lower-Middle,8.2,5.9,3.42,1,84,22.9,95.5,12,5.2,9.1,4.6,4.0,6.0,3.46,72.0,67.1
72867,6,23,Male,Rural,6,Electrical Engineering,Arish University,Tanta,Secondary,Upper-Middle,10.0,10.0,3.75,3,96,4.9,77.9,1,0.6,8.1,2.6,5.5,6.3,6.75,50.8,61.0
102399,8,25,Female,Urban,3,Business Administration,Benha University,Idfu,Diploma,Middle,7.8,7.1,3.65,1,112,2.0,92.0,1,13.7,8.3,0.4,2.9,4.4,6.1,65.5,53.2
322451,6,19,Female,Urban,5,Psychology,Zagazig University,Abu Kabir,Primary,Lower-Middle,8.5,7.3,2.6,0,102,5.1,82.1,6,1.8,8.7,0.5,6.7,5.5,2.03,40.0,53.1
262574,8,29,Male,Urban,2,Psychology,Sohag University,Ismailia,Secondary,Middle,9.3,3.8,2.44,1,128,14.1,69.7,7,1.8,6.5,8.4,5.5,5.6,4.79,42.2,52.2
162329,1,23,Male,Rural,4,Mechanical Engineering,Cairo University,Samalut,Secondary,Low,7.0,3.2,3.52,1,15,12.8,96.9,3,1.6,8.5,2.7,3.5,5.4,5.31,60.9,64.4
224654,2,21,Male,Urban,2,Economics,Tanta University,Tahta,Secondary,Upper-Middle,5.8,1.6,2.62,1,28,23.7,79.4,13,1.0,6.2,3.1,3.3,6.6,5.9,52.5,57.0
205553,6,29,Female,Urban,5,Computer Science,MSA University,Asyut,Diploma,High,9.0,2.0,2.46,3,90,2.0,79.2,1,6.5,5.7,0.0,6.7,7.5,4.63,32.6,49.7
388154,8,28,Male,Rural,3,Mathematics,GUC,Beni Suef,Secondary,Middle,5.6,5.7,3.35,0,96,15.5,95.8,9,4.1,5.7,0.4,5.9,2.4,5.21,58.5,55.8
458571,8,24,Female,Urban,7,Computer Science,Port Said University,Luxor,No Education,Lower-Middle,6.1,7.7,2.49,0,104,21.6,99.5,13,2.7,5.7,1.3,8.9,2.9,3.21,66.2,46.2
375363,5,24,Non-binary,Urban,4,Sociology,Kafrelsheikh University,Faiyum,Bachelor,Upper-Middle,7.2,9.3,2.15,0,85,17.0,90.3,8,2.5,8.6,6.8,2.6,4.6,2.98,48.3,46.5
235479,2,25,Male,Rural,6,Mechanical Engineering,Ain Shams University,Arish,No Education,Middle,6.2,6.9,3.32,2,24,23.8,92.8,13,9.2,7.7,1.1,2.6,5.3,4.24,60.5,76.0
349148,1,18,Non-binary,Urban,7,Law,Helwan University,Aswan,No Education,Lower-Middle,7.6,6.2,1.83,2,18,31.6,68.8,16,0.9,6.1,3.7,5.2,6.0,4.53,54.2,64.8
248072,4,22,Female,Urban,3,Electrical Engineering,GUC,Cairo,Diploma,Upper-Middle,7.2,6.5,2.89,2,52,28.7,80.0,16,1.7,5.8,0.7,2.7,5.0,1.0,44.5,63.1
457196,3,20,Male,Rural,2,Literature,Beni-Suef University,Sohag,Bachelor,Lower-Middle,4.0,6.5,2.97,2,48,15.4,59.4,9,2.8,7.0,3.7,4.0,7.9,5.66,50.8,56.8
464562,8,18,Male,Urban,3,Sociology,GUC,Idfu,Diploma,Upper-Middle,8.0,5.9,2.63,1,144,13.6,98.9,4,3.1,8.4,2.2,9.7,9.6,5.96,56.3,54.1
457671,1,28,Male,Rural,5,Literature,Sohag University,Desouk,Secondary,High,3.4,7.8,1.65,0,18,21.6,79.1,13,0.4,5.8,1.9,3.0,6.6,4.29,45.3,47.6
451860,3,20,Female,Rural,3,Biology,Kafrelsheikh University,Abu Kabir,Bachelor,Middle,6.6,6.2,2.81,3,48,9.1,54.2,10,5.5,7.7,2.5,8.1,3.4,5.36,25.2,45.2
87924,7,28,Male,Rural,5,Physics,AUC,Rosetta,Secondary,Upper-Middle,2.0,9.1,2.57,0,91,2.0,85.4,2,0.9,5.4,6.7,7.3,10.0,7.46,42.8,51.6
409504,4,30,Female,Urban,4,Electrical Engineering,Assiut University,Qena,Primary,Upper-Middle,7.9,7.0,2.48,0,72,27.3,69.6,14,5.7,7.4,3.3,9.5,6.5,4.43,52.5,59.5
348970,3,21,Male,Urban,4,Civil Engineering,Alexandria University,Asyut,Bachelor,Lower-Middle,7.7,9.1,1.73,1,48,28.1,94.6,11,4.2,6.0,4.5,4.5,9.0,3.63,76.8,72.4
120951,6,21,Female,Urban,8,Data Science,Assiut University,Idfu,Diploma,Upper-Middle,7.2,6.7,1.87,1,72,25.9,87.9,14,0.4,7.4,1.3,2.6,9.2,5.79,58.5,61.2
260204,1,23,Female,Rural,3,Psychology,Suez Canal University,Dikirnis,Bachelor,Lower-Middle,2.5,6.3,2.66,0,13,29.1,51.7,12,3.4,8.5,0.8,4.7,3.3,4.35,51.5,54.7
4089,8,26,Male,Urban,4,Political Science,MSA University,Tanta,Bachelor,Lower-Middle,9.0,3.2,3.03,1,112,15.5,83.0,6,1.0,7.1,0.2,4.4,8.9,5.94,63.2,64.3
342985,8,27,Male,Urban,3,Literature,Mansoura University,Mansoura,Primary,Middle,8.6,6.7,2.93,0,120,14.3,82.4,13,5.2,6.8,1.2,6.8,4.1,2.16,57.8,45.1
252230,3,24,Female,Urban,5,Law,Arish University,Damanhur,Bachelor,Middle,8.1,6.2,2.91,0,42,16.1,84.3,8,7.1,7.2,0.7,2.0,6.9,5.0,54.6,61.3
11987,4,24,Female,Urban,7,Mechanical Engineering,Benha University,Luxor,Secondary,Upper-Middle,9.2,6.4,2.83,1,72,18.7,51.4,8,0.3,5.9,0.2,4.2,4.8,4.51,52.9,63.0
464897,3,25,Male,Urban,4,Chemistry,Tanta University,Tanta,Primary,Lower-Middle,7.5,1.0,3.56,0,51,8.7,88.3,4,2.6,8.9,8.1,4.5,4.5,5.05,59.3,59.2
476521,3,19,Male,Urban,8,Medicine,Arish University,Sohag,Postgraduate,Low,10.0,8.9,3.74,1,39,14.6,80.8,6,7.7,6.1,2.7,2.5,2.5,5.58,58.5,51.3
79249,8,19,Female,Urban,8,Mechanical Engineering,AUC,Desouk,Primary,High,6.5,2.7,2.87,2,144,26.0,74.2,12,9.1,6.0,8.2,5.1,8.9,6.12,55.7,66.9
156300,2,22,Male,Urban,4,Sociology,Alexandria University,Edfu,Bachelor,Middle,6.9,9.9,3.62,1,26,8.5,79.8,3,4.5,7.5,2.7,5.3,6.0,5.39,44.6,56.2
385105,1,25,Female,Rural,5,Mathematics,Zagazig University,Rosetta,Bachelor,Middle,3.7,10.0,2.54,3,12,36.2,80.1,14,2.3,8.3,0.0,7.8,7.5,8.66,75.3,67.8
369213,8,29,Male,Urban,4,Medicine,Port Said University,Maghagha,Bachelor,Upper-Middle,6.3,5.4,3.57,1,112,13.8,64.7,6,5.5,5.3,0.3,5.4,7.5,5.97,57.1,61.2
41150,3,21,Female,Urban,6,Chemistry,Assiut University,Faiyum,Bachelor,Middle,6.8,7.2,3.92,1,45,18.6,91.9,11,6.9,6.9,0.5,4.6,7.4,5.57,70.6,70.0
210080,2,25,Female,Urban,4,Biology,Benha University,Kafr el-Sheikh,Bachelor,Middle,9.6,8.3,2.53,0,36,10.0,90.0,5,2.2,7.0,1.3,4.3,7.9,6.88,63.1,64.6
360352,5,18,Male,Rural,3,Electrical Engineering,Helwan University,Mansoura,Bachelor,Upper-Middle,7.2,9.0,2.72,1,90,5.9,81.8,3,3.1,5.5,7.6,6.7,6.4,2.54,40.2,52.1
189762,1,22,Male,Urban,4,Business Administration,Tanta University,Esna,Bachelor,Lower-Middle,8.2,5.5,2.34,1,13,17.5,78.9,11,1.6,7.4,1.2,7.0,4.5,1.97,45.0,40.6
30966,5,30,Female,Rural,4,Law,Tanta University,Port Said,Bachelor,Upper-Middle,4.8,7.1,2.69,0,65,23.5,83.6,12,5.9,6.7,2.1,4.9,4.7,4.56,62.2,67.1
368890,1,24,Male,Rural,4,Psychology,Tanta University,Mansoura,Secondary,Middle,5.7,3.7,3.57,4,17,24.4,80.5,11,1.7,7.8,2.7,6.4,6.4,4.2,65.7,71.4
174978,4,30,Female,Rural,5,Civil Engineering,Damanhour University,Damanhur,No Education,Upper-Middle,5.6,6.8,2.59,5,72,3.4,73.2,4,3.1,6.1,2.4,3.7,10.0,4.92,43.1,50.6
171716,2,25,Male,Urban,3,Psychology,Port Said University,Beni Suef,Secondary,Upper-Middle,8.7,9.0,4.0,1,30,3.4,76.8,4,7.4,7.7,2.0,3.9,2.1,3.45,57.0,56.4
170581,1,18,Male,Urban,5,Biology,AUC,Tanta,Diploma,Upper-Middle,7.5,7.0,3.17,0,14,12.3,49.6,9,5.1,5.7,2.6,2.0,5.8,5.99,43.6,52.3
299092,5,29,Male,Rural,6,Mechanical Engineering,MSA University,Mansoura,Secondary,Lower-Middle,6.7,6.3,2.28,0,90,10.8,86.9,6,0.7,6.0,3.4,1.0,6.0,3.59,42.1,43.0
34457,4,25,Female,Urban,7,Physics,Sohag University,Esna,Secondary,Low,7.4,8.5,2.39,2,60,33.0,62.0,16,8.8,4.7,2.1,4.3,8.3,4.62,57.3,67.7
86100,6,17,Female,Urban,6,Computer Science,Suez Canal University,Tanta,Bachelor,Upper-Middle,4.3,5.7,3.36,1,78,16.4,70.4,6,1.8,7.9,4.4,4.3,4.6,6.81,57.5,71.4
495667,4,22,Male,Rural,7,Law,BUE,Aswan,Diploma,Lower-Middle,5.9,6.4,4.0,0,64,21.9,53.0,8,0.6,6.6,5.0,5.2,7.9,5.42,53.4,66.7
365258,1,18,Female,Urban,2,Electrical Engineering,Port Said University,Giza,Diploma,Middle,4.0,6.6,2.18,0,13,11.4,87.2,13,2.6,5.9,3.6,5.7,5.8,1.93,39.8,51.9
382058,6,24,Female,Urban,6,Political Science,BUE,Cairo,Primary,High,8.2,7.5,2.18,0,72,17.3,90.5,9,1.5,8.9,1.5,4.1,8.4,4.17,60.7,62.8
266182,5,23,Male,Urban,7,Political Science,Luxor University,Banha,Bachelor,Middle,6.5,7.8,1.7,1,80,28.6,65.0,13,10.1,8.0,2.1,6.9,5.4,2.05,51.4,50.8
454387,6,21,Female,Urban,4,Physics,AUC,Banha,Bachelor,Middle,6.2,6.1,2.68,3,72,24.8,65.1,9,1.0,6.6,0.4,4.4,3.9,4.12,51.9,59.5
432159,8,30,Male,Rural,2,Sociology,Mansoura University,Kafr el-Sheikh,Primary,Middle,6.2,6.3,3.41,0,120,24.6,78.1,10,3.0,9.1,0.8,3.6,5.8,5.81,69.3,71.1
191931,2,28,Female,Urban,6,Physics,Fayoum University,Faiyum,Postgraduate,Lower-Middle,7.9,9.5,2.24,2,28,11.5,31.8,7,6.9,5.1,0.9,4.5,7.1,3.98,55.1,46.1
111610,2,21,Male,Rural,7,Literature,Suez Canal University,Kafr el-Sheikh,Bachelor,Upper-Middle,5.6,5.3,1.31,0,30,21.3,66.5,13,1.2,6.3,0.1,5.1,5.6,2.15,40.8,47.5
102647,2,29,Male,Urban,6,Economics,Sadat Academy,Mansoura,Diploma,Middle,10.0,6.1,2.08,3,30,8.9,94.8,4,4.8,6.5,4.7,5.4,6.5,4.52,50.8,53.6
233411,2,29,Female,Urban,6,Electrical Engineering,Alexandria University,Zagazig,Bachelor,Middle,8.0,10.0,1.18,4,28,12.8,77.3,5,5.5,6.0,4.4,7.3,1.0,1.0,26.4,23.3
282251,4,28,Female,Urban,4,Computer Science,Suez Canal University,Qus,Secondary,Upper-Middle,7.7,8.6,1.94,1,56,14.5,60.6,8,9.8,7.4,0.7,8.0,6.4,4.48,32.0,34.1
34251,2,21,Male,Urban,8,Architecture,Assiut University,Hurghada,Diploma,Middle,4.9,10.0,2.3,2,32,13.5,95.8,8,5.1,6.1,3.7,1.3,5.7,3.32,38.6,50.4
104929,5,18,Male,Urban,4,Architecture,Helwan University,Asyut,Secondary,Upper-Middle,9.3,5.5,2.61,1,75,17.4,85.9,7,0.2,6.5,0.9,7.4,5.3,4.53,50.5,51.4
276060,6,27,Female,Urban,8,Biology,Luxor University,Abu Kabir,Secondary,Middle,8.2,8.0,3.91,2,96,29.9,86.9,14,0.6,5.4,4.0,9.9,5.7,3.98,60.9,64.8
243712,4,21,Female,Urban,7,Electrical Engineering,Beni-Suef University,Damanhur,Secondary,Lower-Middle,5.1,3.8,3.03,0,68,18.7,81.3,11,9.7,5.5,1.1,5.8,3.2,2.98,54.8,57.5
152560,6,19,Non-binary,Urban,2,Electrical Engineering,Sohag University,Shubra El-Kheima,Bachelor,Upper-Middle,9.4,4.3,2.59,3,96,19.4,54.4,8,2.0,6.1,0.0,3.8,2.5,4.09,39.3,53.9
36253,5,26,Female,Urban,6,Psychology,Helwan University,Damanhur,Bachelor,Lower-Middle,5.2,5.8,2.56,0,85,28.4,71.9,13,0.9,9.3,0.5,4.5,2.6,2.7,50.5,75.9
30129,6,27,Female,Urban,3,Electrical Engineering,Mansoura University,Faiyum,Postgraduate,Middle,9.4,9.0,2.88,0,84,12.0,61.8,7,8.4,9.1,3.4,6.0,4.9,5.91,38.8,50.9
3162,8,22,Male,Rural,2,Law,Kafrelsheikh University,Idfu,Secondary,Middle,3.9,6.4,2.28,1,96,25.5,73.0,10,6.2,9.5,3.0,2.4,1.9,4.42,38.6,40.9
267226,3,18,Male,Urban,7,Chemistry,Fayoum University,Kom Ombo,Secondary,Lower-Middle,7.8,3.7,1.98,0,48,16.6,76.9,4,0.3,6.8,1.8,6.1,6.3,2.83,50.3,53.1
116031,2,28,Female,Urban,4,Business Administration,Menofia University,Hurghada,Bachelor,Low,10.0,4.4,2.68,6,36,21.8,85.4,7,2.8,6.2,8.0,6.2,5.8,2.9,64.8,60.3
420650,7,26,Female,Urban,4,Political Science,Fayoum University,Edfu,Bachelor,Lower-Middle,8.1,5.6,2.66,0,112,22.9,85.7,16,0.1,5.2,8.3,8.0,6.9,4.86,60.4,57.4
472317,1,18,Female,Urban,4,Sociology,Damanhour University,Samalut,Secondary,Lower-Middle,8.8,6.4,3.78,3,12,20.1,67.7,9,5.5,8.1,3.1,7.6,6.2,5.92,56.4,66.9
121214,8,29,Female,Rural,5,Law,Sohag University,Asyut,Diploma,Middle,4.3,6.3,3.32,0,120,8.0,43.9,6,5.0,6.9,6.5,7.2,3.1,5.82,38.7,42.0
490457,1,29,Female,Urban,4,Mathematics,AUC,Mansoura,Secondary,High,7.1,6.6,4.0,0,12,27.0,86.3,14,10.3,6.3,3.1,8.4,4.9,6.35,63.6,66.7
246951,7,26,Female,Urban,8,Sociology,Arish University,Samalut,Bachelor,Middle,10.0,6.5,3.36,4,98,8.8,82.1,2,0.4,7.7,0.1,6.4,3.8,6.08,45.1,46.9
295868,8,20,Female,Urban,4,Chemistry,Damanhour University,Suez,Secondary,Middle,8.6,5.4,3.68,0,144,23.6,77.1,9,2.6,7.9,1.1,4.7,6.8,4.53,62.4,80.4
139121,8,18,Male,Rural,8,Mechanical Engineering,Fayoum University,Luxor,Bachelor,Middle,1.8,9.7,3.45,0,144,21.1,68.1,13,12.1,8.5,1.1,5.7,8.7,4.69,57.0,65.1
347674,1,17,Male,Urban,3,Civil Engineering,Suez Canal University,Qus,Bachelor,Middle,6.0,3.6,2.26,3,17,19.6,84.7,10,18.8,8.2,7.4,6.4,9.4,3.76,45.5,57.0
277695,1,24,Female,Urban,5,Business Administration,Suez Canal University,Shibin El Kom,Diploma,Upper-Middle,5.9,3.0,2.95,0,12,27.9,55.1,15,2.1,7.2,3.9,6.3,5.1,2.37,56.2,64.7
4725,3,26,Female,Rural,6,Psychology,GUC,Aswan,Bachelor,Low,4.1,7.6,3.77,1,39,23.6,78.5,13,11.1,6.5,7.6,9.5,4.4,5.39,56.0,54.3
183050,4,28,Male,Urban,2,Biology,Ain Shams University,Shibin El Kom,Bachelor,Lower-Middle,6.2,8.9,2.39,0,60,15.0,69.8,11,2.4,6.7,1.3,8.8,4.4,5.14,45.8,40.0
419803,7,26,Male,Urban,3,Civil Engineering,Port Said University,Girga,No Education,High,8.0,9.0,2.81,1,91,17.9,95.6,6,1.2,5.1,1.8,5.5,4.8,2.83,60.5,61.7
371136,3,28,Male,Urban,6,Law,Sohag University,Qena,Secondary,Middle,9.7,5.2,2.67,0,42,13.4,74.6,7,3.5,5.8,0.3,6.3,2.3,4.29,39.1,46.8
234333,5,27,Female,Rural,3,Mathematics,Arish University,Cairo,Primary,Upper-Middle,6.0,5.6,3.69,0,85,10.8,66.1,7,0.3,5.7,0.1,7.6,9.9,7.81,48.8,62.9
23833,5,18,Male,Rural,6,Architecture,Luxor University,Desouk,Secondary,Middle,5.6,8.7,2.16,2,80,16.2,94.2,8,3.6,8.0,0.3,9.9,5.9,6.24,41.5,48.8
139418,6,20,Female,Urban,4,Economics,Sohag University,Girga,Secondary,High,5.2,6.5,2.95,1,84,40.0,83.8,21,0.3,7.6,3.2,5.3,6.5,4.04,76.5,73.7
299538,6,26,Male,Urban,3,Political Science,Luxor University,Kom Ombo,Secondary,Low,10.0,9.1,2.65,1,102,23.1,86.4,11,4.5,4.8,8.5,1.9,4.5,4.53,43.7,53.7
385149,1,24,Male,Urban,7,Mathematics,Mansoura University,Suez,Postgraduate,Middle,6.5,4.0,3.0,1,18,24.0,93.9,13,1.3,8.4,1.1,3.5,7.1,3.49,63.3,67.8
288612,6,27,Male,Urban,7,Law,Tanta University,Idfu,Postgraduate,Low,7.1,7.5,2.0,1,102,31.4,97.3,15,8.3,5.9,0.8,5.3,9.0,6.12,61.9,67.5
383211,3,22,Female,Rural,5,Economics,Damanhour University,Cairo,Bachelor,Upper-Middle,2.5,7.0,2.51,0,51,19.2,80.9,11,0.9,8.4,7.4,2.3,5.2,4.28,41.6,43.3
195239,5,30,Female,Urban,2,Political Science,Suez Canal University,Desouk,Bachelor,Upper-Middle,6.7,6.1,2.94,0,60,15.6,75.6,10,0.3,7.9,1.3,7.3,5.3,5.77,46.2,64.2
447180,2,21,Female,Urban,7,Mathematics,Fayoum University,Girga,Diploma,Lower-Middle,8.9,6.5,3.33,1,36,22.3,91.7,11,3.1,5.2,0.3,1.8,4.8,5.24,64.0,58.1
371780,4,17,Female,Rural,3,Computer Science,Kafrelsheikh University,Arish,Secondary,Middle,3.8,6.0,3.35,0,48,29.7,70.0,14,1.8,4.9,3.1,5.4,7.3,6.46,76.5,76.3
385990,8,19,Male,Rural,7,Chemistry,Tanta University,Idfu,Bachelor,Low,5.6,8.8,3.51,2,120,17.0,91.8,9,9.7,6.7,0.6,4.7,5.7,5.11,55.6,59.5
350782,6,24,Female,Urban,5,Literature,Ain Shams University,Damanhur,Diploma,High,5.1,5.0,3.17,1,96,23.7,40.3,8,1.5,8.0,3.2,6.0,8.4,4.35,60.0,60.0
380398,2,29,Male,Urban,8,Physics,BUE,Matay,Secondary,Upper-Middle,7.3,3.8,3.59,2,24,21.0,92.9,11,4.2,4.6,1.7,2.8,6.6,5.61,60.3,63.1
464543,4,21,Male,Urban,5,Political Science,Sadat Academy,Sohag,Secondary,Middle,4.5,6.1,2.61,1,64,23.6,90.0,14,2.0,9.0,1.0,8.5,4.4,2.82,55.8,40.1
47194,5,28,Female,Urban,4,Chemistry,Arish University,Tahta,Secondary,Low,1.6,3.4,3.45,3,60,20.0,81.0,12,2.2,7.7,0.9,4.5,6.0,6.26,64.4,71.4
32596,8,24,Female,Rural,8,Political Science,Sadat Academy,Hurghada,Secondary,Upper-Middle,2.8,6.0,2.54,2,144,18.8,52.4,7,1.5,8.0,2.1,5.8,4.2,6.04,47.2,58.2
285860,1,23,Female,Rural,8,Law,Ain Shams University,Hurghada,Secondary,Middle,5.3,7.2,2.79,0,15,7.3,80.7,2,1.8,7.9,10.7,3.1,3.7,5.5,48.5,41.9
355926,2,18,Male,Rural,2,Literature,Alexandria University,Banha,Diploma,Lower-Middle,7.0,6.4,2.57,2,34,21.0,77.7,9,0.9,6.6,0.5,7.0,9.1,4.28,56.3,59.1
316593,1,27,Female,Urban,7,Law,Benha University,Banha,Postgraduate,Middle,7.1,9.2,3.32,3,17,8.2,77.6,7,5.0,8.3,2.0,4.9,6.7,4.43,64.6,66.4
301554,8,25,Male,Urban,6,Biology,South Valley University,Qus,Bachelor,Upper-Middle,7.3,4.5,3.54,1,96,39.0,81.4,12,3.2,6.0,2.6,9.2,4.8,5.05,63.2,16.2
176589,4,25,Female,Urban,5,Architecture,Alexandria University,Qus,Secondary,Upper-Middle,9.1,2.6,3.78,0,68,10.3,75.3,9,0.1,6.7,7.1,7.5,5.1,5.0,60.3,52.9
490213,7,30,Male,Rural,4,Chemistry,Fayoum University,Hurghada,Bachelor,Low,6.5,6.8,2.47,2,105,8.2,93.0,2,0.8,6.3,5.1,5.0,4.4,3.01,44.1,57.7
441606,2,30,Female,Urban,5,Psychology,Ain Shams University,Hurghada,Primary,High,6.3,4.5,2.39,1,28,30.1,60.8,13,7.2,7.2,5.6,4.6,4.9,1.84,55.0,66.0
225403,4,28,Male,Urban,5,Medicine,South Valley University,Cairo,Secondary,Middle,9.8,4.0,2.79,0,68,16.6,63.2,6,3.1,7.1,0.9,5.2,6.9,6.92,48.5,65.1
158632,8,27,Male,Urban,6,Law,Luxor University,Alexandria,Bachelor,Upper-Middle,7.7,6.2,2.25,2,144,6.6,56.8,7,5.1,8.2,1.4,4.5,7.6,6.23,40.1,55.0
168222,6,22,Female,Urban,7,Architecture,Mansoura University,Rosetta,Diploma,Middle,7.6,6.3,1.94,0,96,12.1,77.9,5,12.1,6.5,1.6,5.3,7.3,4.6,44.5,48.9
111755,6,19,Female,Urban,4,Civil Engineering,Alexandria University,Kom Ombo,Bachelor,Low,9.1,2.8,4.0,2,72,29.7,74.4,13,0.3,5.6,3.7,5.0,7.3,5.27,73.0,76.4
387079,7,29,Female,Urban,4,Political Science,Helwan University,Kafr el-Sheikh,Bachelor,Middle,9.9,7.3,2.92,1,119,23.7,68.3,8,13.2,4.4,0.3,7.2,8.1,4.21,58.7,69.9
201114,8,24,Female,Urban,7,Business Administration,Suez Canal University,Samalut,Secondary,Upper-Middle,9.9,8.6,2.04,1,120,20.9,88.6,9,2.4,5.7,4.9,5.7,5.3,3.68,53.4,59.8
171123,1,24,Male,Rural,8,Electrical Engineering,BUE,Rosetta,Bachelor,High,4.8,6.5,2.8,2,15,12.0,87.9,10,3.7,8.5,2.1,6.2,6.7,4.74,49.1,54.7
366188,6,21,Male,Urban,8,Electrical Engineering,Ain Shams University,Girga,Diploma,Middle,8.7,8.3,3.05,0,108,16.7,91.1,9,4.9,6.4,1.3,6.7,2.8,2.9,51.7,56.3
257110,1,17,Male,Urban,5,Chemistry,Mansoura University,Tanta,Primary,High,10.0,5.9,3.93,2,18,15.8,90.9,11,1.8,6.9,0.4,6.2,6.1,4.44,60.4,74.5
497763,6,28,Female,Rural,4,Computer Science,Arish University,Idfu,Bachelor,Upper-Middle,4.7,5.5,2.08,3,102,17.0,91.9,8,6.4,7.2,0.1,4.0,5.6,3.54,48.0,47.7
105552,4,24,Male,Urban,6,Sociology,South Valley University,Qus,Secondary,Upper-Middle,7.4,7.4,3.6,0,56,5.6,95.5,6,14.5,7.3,0.7,2.7,4.6,2.55,38.2,44.5
52338,7,25,Male,Rural,6,Mathematics,Beni-Suef University,Matay,Secondary,Upper-Middle,3.7,4.9,2.88,0,105,16.1,92.1,10,3.4,6.4,3.1,8.4,8.3,3.78,52.9,63.7
54956,4,29,Female,Rural,4,Psychology,Arish University,Dikirnis,Bachelor,Middle,4.9,5.2,3.38,1,56,33.4,92.3,14,1.2,6.7,2.5,3.4,5.8,5.24,67.9,70.1
219180,4,20,Male,Rural,4,Literature,Menofia University,Dikirnis,Primary,Middle,5.2,7.1,2.27,0,60,30.9,96.0,13,2.7,7.6,1.3,10.0,6.2,4.61,62.6,57.8
48699,7,25,Male,Rural,7,Sociology,South Valley University,Samalut,Secondary,Low,3.1,5.4,2.6,0,84,9.6,88.5,6,1.9,7.2,0.0,2.7,5.3,2.03,41.7,44.3
360625,1,27,Male,Rural,6,Chemistry,Sohag University,Dikirnis,Secondary,Middle,4.7,5.1,4.0,1,18,30.1,87.3,11,4.9,6.8,3.2,5.1,5.9,5.22,79.8,70.1
111813,8,26,Female,Urban,7,Mathematics,Menofia University,Idfu,Diploma,Middle,5.4,3.0,3.0,0,128,22.5,74.6,8,0.7,6.0,1.0,3.7,8.5,4.21,51.0,58.0
212505,7,24,Male,Urban,4,Medicine,Benha University,Alexandria,Secondary,Middle,10.0,3.5,2.16,1,84,20.8,81.3,11,4.5,5.5,3.0,7.8,5.1,4.6,44.1,57.7
26294,8,27,Female,Urban,2,Architecture,GUC,Qena,Secondary,Middle,6.8,5.1,2.35,1,144,20.4,69.8,5,3.9,6.2,2.7,5.5,8.6,5.68,58.2,63.6
385022,1,29,Female,Urban,7,Medicine,Luxor University,Maghagha,Diploma,Low,10.0,4.0,2.6,2,16,11.1,81.7,6,1.7,7.4,1.5,8.1,10.0,4.32,55.3,58.0
326091,5,24,Female,Urban,4,Literature,Assiut University,Ismailia,Diploma,Middle,10.0,2.2,2.79,1,60,17.4,92.3,14,11.4,6.1,1.9,4.6,6.1,2.48,51.4,71.2
323009,7,29,Female,Urban,6,Business Administration,Fayoum University,Suez,No Education,Upper-Middle,10.0,5.1,3.14,0,91,19.4,90.5,9,0.7,4.7,4.8,2.7,4.7,4.98,57.3,64.4
201483,5,19,Male,Urban,7,Mathematics,Assiut University,Qena,Secondary,Middle,3.7,6.5,2.63,7,65,7.3,71.0,7,1.9,7.1,4.5,4.7,2.2,3.95,45.6,48.0
332906,4,17,Female,Urban,2,Political Science,Arish University,Qena,Bachelor,Middle,8.8,6.6,3.15,5,60,13.9,65.4,8,1.7,6.8,0.4,7.0,1.0,2.96,42.7,43.2
438827,1,18,Male,Rural,4,Data Science,Sadat Academy,Shubra El-Kheima,Secondary,Upper-Middle,2.5,5.5,2.86,1,16,20.6,65.3,6,1.0,8.1,7.0,8.0,4.8,2.22,38.4,43.2
476820,1,23,Female,Urban,3,Biology,Fayoum University,Luxor,Bachelor,Middle,8.0,5.5,2.73,2,16,19.0,88.6,7,8.7,6.9,1.9,9.4,8.4,8.09,57.4,60.9
344583,5,28,Female,Rural,2,Civil Engineering,Fayoum University,Tanta,Postgraduate,Middle,3.1,6.0,1.67,0,85,32.9,88.1,13,10.6,9.3,2.2,7.1,6.5,3.86,43.4,62.5
309818,5,27,Male,Urban,8,Mathematics,Zagazig University,Zagazig,Bachelor,Upper-Middle,4.9,9.3,1.89,3,80,25.5,83.9,11,0.7,6.6,3.9,2.4,7.0,2.1,43.1,38.3
107907,3,21,Male,Urban,5,Data Science,Menofia University,Damanhur,Secondary,Middle,5.4,4.7,3.36,1,39,33.6,74.6,18,0.5,8.3,1.1,7.4,6.2,5.28,65.7,80.2
338605,2,26,Female,Rural,4,Chemistry,Menofia University,Matay,Postgraduate,Upper-Middle,3.2,2.9,3.18,2,26,20.2,86.7,10,1.0,6.5,6.6,4.9,6.1,6.95,64.6,68.7
86830,4,30,Male,Urban,3,Data Science,Sohag University,Samalut,Diploma,Upper-Middle,10.0,6.4,2.7,2,72,32.0,42.1,15,3.2,5.5,2.9,6.0,3.6,3.39,61.6,62.7
194873,4,20,Male,Rural,6,Political Science,Kafrelsheikh University,Suez,Diploma,Lower-Middle,3.1,9.1,1.94,0,64,20.3,73.3,11,4.8,7.2,1.6,3.2,6.6,3.99,49.4,55.1
109515,2,22,Female,Urban,2,Psychology,Beni-Suef University,Sohag,Bachelor,Low,7.8,6.2,2.74,3,28,5.5,79.1,5,2.8,5.0,3.3,4.1,10.0,7.21,57.1,54.9
122679,5,23,Male,Rural,3,Civil Engineering,MSA University,Cairo,Bachelor,Upper-Middle,6.5,3.3,1.38,0,75,15.4,79.8,8,2.9,7.1,5.9,5.1,6.1,4.48,36.6,55.6
321037,4,22,Male,Urban,7,Biology,Beni-Suef University,Ismailia,Diploma,Lower-Middle,4.5,9.3,3.16,2,56,18.0,84.1,9,0.8,6.8,1.8,2.3,8.7,3.95,57.4,49.2
134290,8,24,Female,Urban,3,Economics,Sohag University,Qena,Secondary,High,8.8,3.6,3.15,2,136,20.8,68.8,8,5.2,8.9,1.6,6.3,6.5,3.89,46.4,68.3
386421,2,20,Male,Rural,2,Medicine,Zagazig University,Zagazig,Bachelor,Middle,1.5,5.4,2.63,1,34,5.4,75.7,4,6.6,6.0,0.2,5.6,4.4,2.08,40.4,36.8
252556,2,21,Male,Rural,6,Architecture,AUC,Qus,Bachelor,Middle,5.6,6.4,2.88,5,30,2.0,84.2,3,1.1,6.7,1.2,4.3,2.9,4.5,42.7,46.3
3951,4,30,Female,Urban,3,Electrical Engineering,MSA University,Edfu,Postgraduate,High,9.2,10.0,3.05,0,56,27.0,93.1,11,5.2,7.0,0.5,6.7,2.3,4.75,64.9,69.7
340252,4,21,Female,Urban,2,Law,Fayoum University,Tahta,Secondary,High,8.8,3.3,2.2,1,72,17.4,78.4,7,4.5,6.0,1.8,4.5,6.5,4.83,60.4,62.9
199438,7,18,Male,Rural,5,Economics,Menofia University,Arish,Primary,Lower-Middle,3.1,9.7,2.37,1,112,11.1,94.0,5,0.9,7.3,5.9,6.4,10.0,5.83,60.6,58.6
168944,8,28,Female,Rural,7,Medicine,Sadat Academy,Tanta,Diploma,Upper-Middle,7.7,10.0,2.27,0,144,24.7,64.6,13,7.4,6.7,2.5,5.4,5.0,7.47,53.4,59.9
45696,6,29,Male,Rural,3,Biology,MSA University,Aswan,Bachelor,Middle,7.7,8.1,2.88,0,96,8.4,84.2,8,2.5,5.8,3.8,10.0,5.9,2.78,40.4,42.0
499770,3,30,Male,Rural,4,Medicine,MSA University,Kafr el-Sheikh,Bachelor,Middle,2.7,3.8,2.47,1,54,17.2,88.9,6,18.9,6.1,0.8,4.7,7.2,5.47,48.8,55.4
346054,1,19,Male,Rural,5,Computer Science,Zagazig University,Faiyum,Bachelor,Lower-Middle,3.7,10.0,2.92,0,14,22.5,83.5,15,1.1,8.0,3.7,6.0,8.5,4.57,59.5,64.9
306554,4,22,Female,Rural,3,Electrical Engineering,Beni-Suef University,Esna,No Education,Low,5.4,10.0,1.84,2,56,24.6,86.4,13,9.5,6.8,4.5,5.8,5.4,2.59,54.7,54.9
159022,4,22,Male,Urban,7,Medicine,Arish University,Shubra El-Kheima,Secondary,Low,7.3,4.0,2.12,0,64,19.7,84.7,7,6.4,9.1,0.3,3.8,6.8,3.08,51.6,56.0
325051,2,25,Female,Urban,3,Medicine,South Valley University,Idfu,Secondary,High,5.5,9.2,3.77,0,30,16.1,75.2,7,6.2,6.5,0.8,4.9,3.4,4.54,56.4,66.0
104288,5,21,Male,Rural,5,Data Science,BUE,Maghagha,Secondary,High,1.2,6.8,2.94,1,80,21.9,62.6,14,0.1,6.0,2.8,8.2,3.3,3.88,43.0,49.6
